email,query,timestamp
airductcleaningnyny.com@gmail.com,"Air Duct Cleaning in [New York] inurl:/contact"""" """"com"""" -india -91 -gov -.pk -press -news",2025-10-31T09:05:36.692Z
test@gmail.com,"Air Duct Cleaning in [New York] inurl:/contact"""" """"com"""" -india -91 -gov -.pk -press -news",2025-10-31T09:05:36.694Z
royalairductservices@gmail.com,"Air Duct Cleaning in [New York] inurl:/contact"""" """"com"""" -india -91 -gov -.pk -press -news",2025-10-31T09:05:36.694Z
hello@greenductors.com,"Air Duct Cleaning in [New York] inurl:/contact"""" """"com"""" -india -91 -gov -.pk -press -news",2025-10-31T09:05:36.694Z
info@americanairductny.com,"Air Duct Cleaning in [New York] inurl:/contact"""" """"com"""" -india -91 -gov -.pk -press -news",2025-10-31T09:05:36.694Z
coolcleaninfo@gmail.com,"Air Duct Cleaning in [New York] inurl:/contact"""" """"com"""" -india -91 -gov -.pk -press -news",2025-10-31T09:05:36.694Z
info@ductdusters.com,"Air Duct Cleaning in [New York] inurl:/contact"""" """"com"""" -india -91 -gov -.pk -press -news",2025-10-31T09:05:36.694Z
contact@airductcleaningrochester.com,"Air Duct Cleaning in [New York] inurl:/contact"""" """"com"""" -india -91 -gov -.pk -press -news",2025-10-31T09:05:51.809Z
office@hdcourduct.com,"Air Duct Cleaning in [New York] inurl:/contact"""" """"com"""" -india -91 -gov -.pk -press -news",2025-10-31T09:05:51.809Z
hello@mainduct.com,"Air Duct Cleaning in [New York] inurl:/contact"""" """"com"""" -india -91 -gov -.pk -press -news",2025-10-31T09:05:51.809Z
team@breathebetterventcleaning.com,"Air Duct Cleaning in [New York] inurl:/contact"""" """"com"""" -india -91 -gov -.pk -press -news",2025-10-31T09:05:51.809Z
contact@airductcleaningbuffalo.com,"Air Duct Cleaning in [New York] inurl:/contact"""" """"com"""" -india -91 -gov -.pk -press -news",2025-10-31T09:05:51.809Z
contact@airductcleaningsyracuse.com,"Air Duct Cleaning in [New York] inurl:/contact"""" """"com"""" -india -91 -gov -.pk -press -news",2025-10-31T09:05:51.809Z
chrisjones625@theluckyduct.com,"Air Duct Cleaning in [New York] inurl:/contact"""" """"com"""" -india -91 -gov -.pk -press -news",2025-10-31T09:05:51.809Z
green.line@mail.com,"Air Duct Cleaning in [New York] inurl:/contact"""" """"com"""" -india -91 -gov -.pk -press -news",2025-10-31T09:05:51.809Z
info@mysite.com,"Air Duct Cleaning in [New York] inurl:/contact"""" """"com"""" -india -91 -gov -.pk -press -news",2025-10-31T09:05:51.809Z
info@jerrysairductcleaning.com,"Air Duct Cleaning in [New York] inurl:/contact"""" """"com"""" -india -91 -gov -.pk -press -news",2025-10-31T09:05:59.844Z
contact@airductcleaningalbany.com,"Air Duct Cleaning in [New York] inurl:/contact"""" """"com"""" -india -91 -gov -.pk -press -news",2025-10-31T09:05:59.844Z
cleanairpropertysolutions@gmail.com,"Air Duct Cleaning in [New York] inurl:/contact"""" """"com"""" -india -91 -gov -.pk -press -news",2025-10-31T09:05:59.844Z
info@dapperductsny.com,"Air Duct Cleaning in [New York] inurl:/contact"""" """"com"""" -india -91 -gov -.pk -press -news",2025-10-31T09:05:59.844Z
njventcleaning@gmail.com,"Air Duct Cleaning in [New York] inurl:/contact"""" """"com"""" -india -91 -gov -.pk -press -news",2025-10-31T09:05:59.844Z
requests@aircareservices.com,"Air Duct Cleaning in [New York] inurl:/contact"""" """"com"""" -india -91 -gov -.pk -press -news",2025-10-31T09:05:59.844Z
info@qacllc.com,"Air Duct Cleaning in [New York] inurl:/contact"""" """"com"""" -india -91 -gov -.pk -press -news",2025-10-31T09:05:59.844Z
airductcleaningnyny.com@gmail.com,"Air Duct Cleaning in [New York] inurl:/contact"""" """"com"""" -india -91 -gov -.pk -press -news",2025-10-31T09:06:06.378Z
test@gmail.com,"Air Duct Cleaning in [New York] inurl:/contact"""" """"com"""" -india -91 -gov -.pk -press -news",2025-10-31T09:06:06.378Z
royalairductservices@gmail.com,"Air Duct Cleaning in [New York] inurl:/contact"""" """"com"""" -india -91 -gov -.pk -press -news",2025-10-31T09:06:06.378Z
hello@greenductors.com,"Air Duct Cleaning in [New York] inurl:/contact"""" """"com"""" -india -91 -gov -.pk -press -news",2025-10-31T09:06:06.378Z
coolcleaninfo@gmail.com,"Air Duct Cleaning in [New York] inurl:/contact"""" """"com"""" -india -91 -gov -.pk -press -news",2025-10-31T09:06:06.378Z
info@americanairductny.com,"Air Duct Cleaning in [New York] inurl:/contact"""" """"com"""" -india -91 -gov -.pk -press -news",2025-10-31T09:06:06.378Z
team@breathebetterventcleaning.com,"Air Duct Cleaning in [New York] inurl:/contact"""" """"com"""" -india -91 -gov -.pk -press -news",2025-10-31T09:06:06.378Z
phil.lamphear@ductdoctor.com,"Air Duct Cleaning in [New York] inurl:/contact"""" """"com"""" -india -91 -gov -.pk -press -news",2025-10-31T09:06:06.760Z
quote@180066ducts.com,"Air Duct Cleaning in [New York] inurl:/contact"""" """"com"""" -india -91 -gov -.pk -press -news",2025-10-31T09:06:06.760Z
info@airadeducts.com,"Air Duct Cleaning in [New York] inurl:/contact"""" """"com"""" -india -91 -gov -.pk -press -news",2025-10-31T09:06:06.760Z
info@royalqueensductclean.com,"Air Duct Cleaning in [New York] inurl:/contact"""" """"com"""" -india -91 -gov -.pk -press -news",2025-10-31T09:06:06.760Z
info@airductva.com,"Air Duct Cleaning in [New York] inurl:/contact"""" """"com"""" -india -91 -gov -.pk -press -news",2025-10-31T09:06:06.760Z
airductcleaningnyny.com@gmail.com,"Air Duct Cleaning in [New York] inurl:/contact"""" """"com"""" -india -91 -gov -.pk -press -news",2025-10-31T09:06:18.731Z
test@gmail.com,"Air Duct Cleaning in [New York] inurl:/contact"""" """"com"""" -india -91 -gov -.pk -press -news",2025-10-31T09:06:18.731Z
royalairductservices@gmail.com,"Air Duct Cleaning in [New York] inurl:/contact"""" """"com"""" -india -91 -gov -.pk -press -news",2025-10-31T09:06:18.731Z
hello@greenductors.com,"Air Duct Cleaning in [New York] inurl:/contact"""" """"com"""" -india -91 -gov -.pk -press -news",2025-10-31T09:06:18.731Z
coolcleaninfo@gmail.com,"Air Duct Cleaning in [New York] inurl:/contact"""" """"com"""" -india -91 -gov -.pk -press -news",2025-10-31T09:06:18.731Z
info@americanairductny.com,"Air Duct Cleaning in [New York] inurl:/contact"""" """"com"""" -india -91 -gov -.pk -press -news",2025-10-31T09:06:18.731Z
team@breathebetterventcleaning.com,"Air Duct Cleaning in [New York] inurl:/contact"""" """"com"""" -india -91 -gov -.pk -press -news",2025-10-31T09:06:18.731Z
info@ductdusters.com,"Air Duct Cleaning in [New York] inurl:/contact"""" """"com"""" -india -91 -gov -.pk -press -news",2025-10-31T09:06:25.736Z
contact@airductcleaningrochester.com,"Air Duct Cleaning in [New York] inurl:/contact"""" """"com"""" -india -91 -gov -.pk -press -news",2025-10-31T09:06:25.736Z
office@hdcourduct.com,"Air Duct Cleaning in [New York] inurl:/contact"""" """"com"""" -india -91 -gov -.pk -press -news",2025-10-31T09:06:25.736Z
hello@mainduct.com,"Air Duct Cleaning in [New York] inurl:/contact"""" """"com"""" -india -91 -gov -.pk -press -news",2025-10-31T09:06:25.737Z
contact@airductcleaningsyracuse.com,"Air Duct Cleaning in [New York] inurl:/contact"""" """"com"""" -india -91 -gov -.pk -press -news",2025-10-31T09:06:25.737Z
contact@airductcleaningbuffalo.com,"Air Duct Cleaning in [New York] inurl:/contact"""" """"com"""" -india -91 -gov -.pk -press -news",2025-10-31T09:06:25.737Z
cleanairpropertysolutions@gmail.com,"Air Duct Cleaning in [New York] inurl:/contact"""" """"com"""" -india -91 -gov -.pk -press -news",2025-10-31T09:06:25.737Z
info@royalqueensductclean.com,"Air Duct Cleaning in [New York] inurl:/contact"""" """"com"""" -india -91 -gov -.pk -press -news",2025-10-31T09:06:31.545Z
chrisjones625@theluckyduct.com,"Air Duct Cleaning in [New York] inurl:/contact"""" """"com"""" -india -91 -gov -.pk -press -news",2025-10-31T09:06:31.545Z
requests@aircareservices.com,"Air Duct Cleaning in [New York] inurl:/contact"""" """"com"""" -india -91 -gov -.pk -press -news",2025-10-31T09:06:31.545Z
njventcleaning@gmail.com,"Air Duct Cleaning in [New York] inurl:/contact"""" """"com"""" -india -91 -gov -.pk -press -news",2025-10-31T09:06:31.545Z
info@airadeducts.com,"Air Duct Cleaning in [New York] inurl:/contact"""" """"com"""" -india -91 -gov -.pk -press -news",2025-10-31T09:06:31.545Z
green.line@mail.com,"Air Duct Cleaning in [New York] inurl:/contact"""" """"com"""" -india -91 -gov -.pk -press -news",2025-10-31T09:06:31.545Z
info@mysite.com,"Air Duct Cleaning in [New York] inurl:/contact"""" """"com"""" -india -91 -gov -.pk -press -news",2025-10-31T09:06:31.545Z
info@qacllc.com,"Air Duct Cleaning in [New York] inurl:/contact"""" """"com"""" -india -91 -gov -.pk -press -news",2025-10-31T09:06:31.545Z
info@ductdusters.com,"Air Duct Cleaning in [New York] inurl:/contact"""" """"com"""" -india -91 -gov -.pk -press -news",2025-10-31T09:06:37.268Z
contact@airductcleaningrochester.com,"Air Duct Cleaning in [New York] inurl:/contact"""" """"com"""" -india -91 -gov -.pk -press -news",2025-10-31T09:06:37.268Z
office@hdcourduct.com,"Air Duct Cleaning in [New York] inurl:/contact"""" """"com"""" -india -91 -gov -.pk -press -news",2025-10-31T09:06:37.268Z
hello@mainduct.com,"Air Duct Cleaning in [New York] inurl:/contact"""" """"com"""" -india -91 -gov -.pk -press -news",2025-10-31T09:06:37.268Z
contact@airductcleaningsyracuse.com,"Air Duct Cleaning in [New York] inurl:/contact"""" """"com"""" -india -91 -gov -.pk -press -news",2025-10-31T09:06:37.268Z
contact@airductcleaningbuffalo.com,"Air Duct Cleaning in [New York] inurl:/contact"""" """"com"""" -india -91 -gov -.pk -press -news",2025-10-31T09:06:37.268Z
cleanairpropertysolutions@gmail.com,"Air Duct Cleaning in [New York] inurl:/contact"""" """"com"""" -india -91 -gov -.pk -press -news",2025-10-31T09:06:37.268Z
info@jerrysairductcleaning.com,"Air Duct Cleaning in [New York] inurl:/contact"""" """"com"""" -india -91 -gov -.pk -press -news",2025-10-31T09:06:38.749Z
contact@airductcleaningalbany.com,"Air Duct Cleaning in [New York] inurl:/contact"""" """"com"""" -india -91 -gov -.pk -press -news",2025-10-31T09:06:38.749Z
americaairductcleaning@gmail.com,"Air Duct Cleaning in [New York] inurl:/contact"""" """"com"""" -india -91 -gov -.pk -press -news",2025-10-31T09:06:38.749Z
info@dapperductsny.com,"Air Duct Cleaning in [New York] inurl:/contact"""" """"com"""" -india -91 -gov -.pk -press -news",2025-10-31T09:06:38.749Z
jgreen@totallycleanservices.com,"Air Duct Cleaning in [New York] inurl:/contact"""" """"com"""" -india -91 -gov -.pk -press -news",2025-10-31T09:06:38.749Z
airductkings.office@gmail.com,"Air Duct Cleaning in [New York] inurl:/contact"""" """"com"""" -india -91 -gov -.pk -press -news",2025-10-31T09:06:38.749Z
merlindcleaning@gmail.com,"Air Duct Cleaning in [New York] inurl:/contact"""" """"com"""" -india -91 -gov -.pk -press -news",2025-10-31T09:06:45.492Z
info@ductcleaneffects.com,"Air Duct Cleaning in [New York] inurl:/contact"""" """"com"""" -india -91 -gov -.pk -press -news",2025-10-31T09:06:45.492Z
info@airductva.com,"Air Duct Cleaning in [New York] inurl:/contact"""" """"com"""" -india -91 -gov -.pk -press -news",2025-10-31T09:06:45.492Z
cleanair4nm@gmail.com,"Air Duct Cleaning in [New York] inurl:/contact"""" """"com"""" -india -91 -gov -.pk -press -news",2025-10-31T09:06:45.492Z
info@royalqueensductclean.com,"Air Duct Cleaning in [New York] inurl:/contact"""" """"com"""" -india -91 -gov -.pk -press -news",2025-10-31T09:06:50.668Z
chrisjones625@theluckyduct.com,"Air Duct Cleaning in [New York] inurl:/contact"""" """"com"""" -india -91 -gov -.pk -press -news",2025-10-31T09:06:50.668Z
requests@aircareservices.com,"Air Duct Cleaning in [New York] inurl:/contact"""" """"com"""" -india -91 -gov -.pk -press -news",2025-10-31T09:06:50.668Z
njventcleaning@gmail.com,"Air Duct Cleaning in [New York] inurl:/contact"""" """"com"""" -india -91 -gov -.pk -press -news",2025-10-31T09:06:50.668Z
info@airadeducts.com,"Air Duct Cleaning in [New York] inurl:/contact"""" """"com"""" -india -91 -gov -.pk -press -news",2025-10-31T09:06:50.668Z
green.line@mail.com,"Air Duct Cleaning in [New York] inurl:/contact"""" """"com"""" -india -91 -gov -.pk -press -news",2025-10-31T09:06:50.668Z
info@mysite.com,"Air Duct Cleaning in [New York] inurl:/contact"""" """"com"""" -india -91 -gov -.pk -press -news",2025-10-31T09:06:50.668Z
info@qacllc.com,"Air Duct Cleaning in [New York] inurl:/contact"""" """"com"""" -india -91 -gov -.pk -press -news",2025-10-31T09:06:50.668Z
info@neptuneac.com,"Air Duct Cleaning in [New York] inurl:/contact"""" """"com"""" -india -91 -gov -.pk -press -news",2025-10-31T09:06:52.233Z
hurricanellc15@gmail.com,"Air Duct Cleaning in [New York] inurl:/contact"""" """"com"""" -india -91 -gov -.pk -press -news",2025-10-31T09:06:52.233Z
newenglandductcleaning13@yahoo.com,"Air Duct Cleaning in [New York] inurl:/contact"""" """"com"""" -india -91 -gov -.pk -press -news",2025-10-31T09:06:52.233Z
epicairny@gmail.com,"Air Duct Cleaning in [New York] inurl:/contact"""" """"com"""" -india -91 -gov -.pk -press -news",2025-10-31T09:06:52.233Z
contact@airductcleaningjerseycity.com,"Air Duct Cleaning in [New York] inurl:/contact"""" """"com"""" -india -91 -gov -.pk -press -news",2025-10-31T09:06:52.233Z
service@ventguys.com,"Air Duct Cleaning in [New York] inurl:/contact"""" """"com"""" -india -91 -gov -.pk -press -news",2025-10-31T09:06:52.233Z
service@scrubaduct.com,"Air Duct Cleaning in [New York] inurl:/contact"""" """"com"""" -india -91 -gov -.pk -press -news",2025-10-31T09:06:52.233Z
commercialairduct@gmail.com,"Air Duct Cleaning in [New York] inurl:/contact"""" """"com"""" -india -91 -gov -.pk -press -news",2025-10-31T09:06:59.366Z
support@heroairductcleaning.com,"Air Duct Cleaning in [New York] inurl:/contact"""" """"com"""" -india -91 -gov -.pk -press -news",2025-10-31T09:06:59.366Z
primecleanair@gmail.com,"Air Duct Cleaning in [New York] inurl:/contact"""" """"com"""" -india -91 -gov -.pk -press -news",2025-10-31T09:06:59.366Z
info@nationalfedders.com,"Air Duct Cleaning in [New York] inurl:/contact"""" """"com"""" -india -91 -gov -.pk -press -news",2025-10-31T09:06:59.366Z
info@aireptacservice.com,"Air Duct Cleaning in [New York] inurl:/contact"""" """"com"""" -india -91 -gov -.pk -press -news",2025-10-31T09:06:59.366Z
info@nextgenairduct.com,"Air Duct Cleaning in [New York] inurl:/contact"""" """"com"""" -india -91 -gov -.pk -press -news",2025-10-31T09:06:59.366Z
airductunique@gmail.com,"Air Duct Cleaning in [New York] inurl:/contact"""" """"com"""" -india -91 -gov -.pk -press -news",2025-10-31T09:06:59.366Z
info@alphasairductcleaning.com,"Air Duct Cleaning in [New York] inurl:/contact"""" """"com"""" -india -91 -gov -.pk -press -news",2025-10-31T09:06:59.366Z
airductcleaningnyny.com@gmail.com,"Air Duct Cleaning in [New York] inurl:/contact"""" """"com"""" -india -91 -gov -.pk -press -news",2025-10-31T09:06:59.873Z
test@gmail.com,"Air Duct Cleaning in [New York] inurl:/contact"""" """"com"""" -india -91 -gov -.pk -press -news",2025-10-31T09:06:59.873Z
royalairductservices@gmail.com,"Air Duct Cleaning in [New York] inurl:/contact"""" """"com"""" -india -91 -gov -.pk -press -news",2025-10-31T09:06:59.873Z
hello@greenductors.com,"Air Duct Cleaning in [New York] inurl:/contact"""" """"com"""" -india -91 -gov -.pk -press -news",2025-10-31T09:06:59.873Z
coolcleaninfo@gmail.com,"Air Duct Cleaning in [New York] inurl:/contact"""" """"com"""" -india -91 -gov -.pk -press -news",2025-10-31T09:06:59.873Z
info@americanairductny.com,"Air Duct Cleaning in [New York] inurl:/contact"""" """"com"""" -india -91 -gov -.pk -press -news",2025-10-31T09:06:59.873Z
team@breathebetterventcleaning.com,"Air Duct Cleaning in [New York] inurl:/contact"""" """"com"""" -india -91 -gov -.pk -press -news",2025-10-31T09:06:59.873Z
airductcleaningnyny.com@gmail.com,"Air Duct Cleaning in [New York] inurl:/contact"""" """"com"""" -india -91 -gov -.pk -press -news",2025-10-31T09:07:01.200Z
test@gmail.com,"Air Duct Cleaning in [New York] inurl:/contact"""" """"com"""" -india -91 -gov -.pk -press -news",2025-10-31T09:07:01.200Z
royalairductservices@gmail.com,"Air Duct Cleaning in [New York] inurl:/contact"""" """"com"""" -india -91 -gov -.pk -press -news",2025-10-31T09:07:01.200Z
hello@greenductors.com,"Air Duct Cleaning in [New York] inurl:/contact"""" """"com"""" -india -91 -gov -.pk -press -news",2025-10-31T09:07:01.200Z
coolcleaninfo@gmail.com,"Air Duct Cleaning in [New York] inurl:/contact"""" """"com"""" -india -91 -gov -.pk -press -news",2025-10-31T09:07:01.200Z
info@americanairductny.com,"Air Duct Cleaning in [New York] inurl:/contact"""" """"com"""" -india -91 -gov -.pk -press -news",2025-10-31T09:07:01.200Z
team@breathebetterventcleaning.com,"Air Duct Cleaning in [New York] inurl:/contact"""" """"com"""" -india -91 -gov -.pk -press -news",2025-10-31T09:07:01.200Z
info@jerrysairductcleaning.com,"Air Duct Cleaning in [New York] inurl:/contact"""" """"com"""" -india -91 -gov -.pk -press -news",2025-10-31T09:07:01.952Z
contact@airductcleaningalbany.com,"Air Duct Cleaning in [New York] inurl:/contact"""" """"com"""" -india -91 -gov -.pk -press -news",2025-10-31T09:07:01.952Z
info@dapperductsny.com,"Air Duct Cleaning in [New York] inurl:/contact"""" """"com"""" -india -91 -gov -.pk -press -news",2025-10-31T09:07:01.952Z
airductkings.office@gmail.com,"Air Duct Cleaning in [New York] inurl:/contact"""" """"com"""" -india -91 -gov -.pk -press -news",2025-10-31T09:07:01.952Z
jgreen@totallycleanservices.com,"Air Duct Cleaning in [New York] inurl:/contact"""" """"com"""" -india -91 -gov -.pk -press -news",2025-10-31T09:07:01.952Z
merlindcleaning@gmail.com,"Air Duct Cleaning in [New York] inurl:/contact"""" """"com"""" -india -91 -gov -.pk -press -news",2025-10-31T09:07:01.952Z
airductcleaningnyny.com@gmail.com,"Air Duct Cleaning in [New York] inurl:/contact"""" """"com"""" -india -91 -gov -.pk -press -news",2025-10-31T09:07:06.147Z
test@gmail.com,"Air Duct Cleaning in [New York] inurl:/contact"""" """"com"""" -india -91 -gov -.pk -press -news",2025-10-31T09:07:06.147Z
royalairductservices@gmail.com,"Air Duct Cleaning in [New York] inurl:/contact"""" """"com"""" -india -91 -gov -.pk -press -news",2025-10-31T09:07:06.147Z
hello@greenductors.com,"Air Duct Cleaning in [New York] inurl:/contact"""" """"com"""" -india -91 -gov -.pk -press -news",2025-10-31T09:07:06.147Z
coolcleaninfo@gmail.com,"Air Duct Cleaning in [New York] inurl:/contact"""" """"com"""" -india -91 -gov -.pk -press -news",2025-10-31T09:07:06.147Z
info@americanairductny.com,"Air Duct Cleaning in [New York] inurl:/contact"""" """"com"""" -india -91 -gov -.pk -press -news",2025-10-31T09:07:06.147Z
team@breathebetterventcleaning.com,"Air Duct Cleaning in [New York] inurl:/contact"""" """"com"""" -india -91 -gov -.pk -press -news",2025-10-31T09:07:06.147Z
cs@air-care.com,"Air Duct Cleaning in [New York] inurl:/contact"""" """"com"""" -india -91 -gov -.pk -press -news",2025-10-31T09:07:06.295Z
contact@purifyairmaster.com,"Air Duct Cleaning in [New York] inurl:/contact"""" """"com"""" -india -91 -gov -.pk -press -news",2025-10-31T09:07:06.295Z
lauriek@indoorairpro.com,"Air Duct Cleaning in [New York] inurl:/contact"""" """"com"""" -india -91 -gov -.pk -press -news",2025-10-31T09:07:06.295Z
info@weatherupdownhvac.com,"Air Duct Cleaning in [New York] inurl:/contact"""" """"com"""" -india -91 -gov -.pk -press -news",2025-10-31T09:07:06.295Z
info@hightechhvacservices.com,"Air Duct Cleaning in [New York] inurl:/contact"""" """"com"""" -india -91 -gov -.pk -press -news",2025-10-31T09:07:06.295Z
info@ideahvac.com,"Air Duct Cleaning in [New York] inurl:/contact"""" """"com"""" -india -91 -gov -.pk -press -news",2025-10-31T09:07:13.670Z
info@heatingservicenewyork.com,"Air Duct Cleaning in [New York] inurl:/contact"""" """"com"""" -india -91 -gov -.pk -press -news",2025-10-31T09:07:13.670Z
info@hitechheatingcooling.com,"Air Duct Cleaning in [New York] inurl:/contact"""" """"com"""" -india -91 -gov -.pk -press -news",2025-10-31T09:07:13.670Z
info@aircrewnyc.com,"Air Duct Cleaning in [New York] inurl:/contact"""" """"com"""" -india -91 -gov -.pk -press -news",2025-10-31T09:07:13.670Z
hello@ventmantic.com,"Air Duct Cleaning in [New York] inurl:/contact"""" """"com"""" -india -91 -gov -.pk -press -news",2025-10-31T09:07:13.670Z
info@coraductcleaning.com,"Air Duct Cleaning in [New York] inurl:/contact"""" """"com"""" -india -91 -gov -.pk -press -news",2025-10-31T09:07:13.670Z
ac@ptac.nyc,"Air Duct Cleaning in [New York] inurl:/contact"""" """"com"""" -india -91 -gov -.pk -press -news",2025-10-31T09:07:13.670Z
info@newyorkptacsupply.com,"Air Duct Cleaning in [New York] inurl:/contact"""" """"com"""" -india -91 -gov -.pk -press -news",2025-10-31T09:07:13.670Z
airductcleaningnyny.com@gmail.com,"Air Duct Cleaning in [New York] inurl:/contact"""" """"com"""" -india -91 -gov -.pk -press -news",2025-10-31T09:07:17.930Z
test@gmail.com,"Air Duct Cleaning in [New York] inurl:/contact"""" """"com"""" -india -91 -gov -.pk -press -news",2025-10-31T09:07:17.930Z
royalairductservices@gmail.com,"Air Duct Cleaning in [New York] inurl:/contact"""" """"com"""" -india -91 -gov -.pk -press -news",2025-10-31T09:07:17.930Z
hello@greenductors.com,"Air Duct Cleaning in [New York] inurl:/contact"""" """"com"""" -india -91 -gov -.pk -press -news",2025-10-31T09:07:17.930Z
coolcleaninfo@gmail.com,"Air Duct Cleaning in [New York] inurl:/contact"""" """"com"""" -india -91 -gov -.pk -press -news",2025-10-31T09:07:17.930Z
info@americanairductny.com,"Air Duct Cleaning in [New York] inurl:/contact"""" """"com"""" -india -91 -gov -.pk -press -news",2025-10-31T09:07:17.930Z
team@breathebetterventcleaning.com,"Air Duct Cleaning in [New York] inurl:/contact"""" """"com"""" -india -91 -gov -.pk -press -news",2025-10-31T09:07:17.930Z
info@ductcleaneffects.com,"Air Duct Cleaning in [New York] inurl:/contact"""" """"com"""" -india -91 -gov -.pk -press -news",2025-10-31T09:07:18.559Z
contact@ductcleaningstatenisland.com,"Air Duct Cleaning in [New York] inurl:/contact"""" """"com"""" -india -91 -gov -.pk -press -news",2025-10-31T09:07:18.559Z
info@airductva.com,"Air Duct Cleaning in [New York] inurl:/contact"""" """"com"""" -india -91 -gov -.pk -press -news",2025-10-31T09:07:18.559Z
info@ductdusters.com,"Air Duct Cleaning in [New York] inurl:/contact"""" """"com"""" -india -91 -gov -.pk -press -news",2025-10-31T09:07:19.978Z
contact@airductcleaningrochester.com,"Air Duct Cleaning in [New York] inurl:/contact"""" """"com"""" -india -91 -gov -.pk -press -news",2025-10-31T09:07:19.978Z
office@hdcourduct.com,"Air Duct Cleaning in [New York] inurl:/contact"""" """"com"""" -india -91 -gov -.pk -press -news",2025-10-31T09:07:19.978Z
hello@mainduct.com,"Air Duct Cleaning in [New York] inurl:/contact"""" """"com"""" -india -91 -gov -.pk -press -news",2025-10-31T09:07:19.978Z
contact@airductcleaningsyracuse.com,"Air Duct Cleaning in [New York] inurl:/contact"""" """"com"""" -india -91 -gov -.pk -press -news",2025-10-31T09:07:19.978Z
contact@airductcleaningbuffalo.com,"Air Duct Cleaning in [New York] inurl:/contact"""" """"com"""" -india -91 -gov -.pk -press -news",2025-10-31T09:07:19.978Z
cleanairpropertysolutions@gmail.com,"Air Duct Cleaning in [New York] inurl:/contact"""" """"com"""" -india -91 -gov -.pk -press -news",2025-10-31T09:07:19.978Z
info@ductdusters.com,"Air Duct Cleaning in [New York] inurl:/contact"""" """"com"""" -india -91 -gov -.pk -press -news",2025-10-31T09:07:20.204Z
contact@airductcleaningrochester.com,"Air Duct Cleaning in [New York] inurl:/contact"""" """"com"""" -india -91 -gov -.pk -press -news",2025-10-31T09:07:20.205Z
office@hdcourduct.com,"Air Duct Cleaning in [New York] inurl:/contact"""" """"com"""" -india -91 -gov -.pk -press -news",2025-10-31T09:07:20.205Z
hello@mainduct.com,"Air Duct Cleaning in [New York] inurl:/contact"""" """"com"""" -india -91 -gov -.pk -press -news",2025-10-31T09:07:20.205Z
contact@airductcleaningsyracuse.com,"Air Duct Cleaning in [New York] inurl:/contact"""" """"com"""" -india -91 -gov -.pk -press -news",2025-10-31T09:07:20.205Z
contact@airductcleaningbuffalo.com,"Air Duct Cleaning in [New York] inurl:/contact"""" """"com"""" -india -91 -gov -.pk -press -news",2025-10-31T09:07:20.205Z
cleanairpropertysolutions@gmail.com,"Air Duct Cleaning in [New York] inurl:/contact"""" """"com"""" -india -91 -gov -.pk -press -news",2025-10-31T09:07:20.205Z
info@ductdusters.com,"Air Duct Cleaning in [New York] inurl:/contact"""" """"com"""" -india -91 -gov -.pk -press -news",2025-10-31T09:07:20.633Z
contact@airductcleaningrochester.com,"Air Duct Cleaning in [New York] inurl:/contact"""" """"com"""" -india -91 -gov -.pk -press -news",2025-10-31T09:07:20.633Z
office@hdcourduct.com,"Air Duct Cleaning in [New York] inurl:/contact"""" """"com"""" -india -91 -gov -.pk -press -news",2025-10-31T09:07:20.633Z
hello@mainduct.com,"Air Duct Cleaning in [New York] inurl:/contact"""" """"com"""" -india -91 -gov -.pk -press -news",2025-10-31T09:07:20.633Z
contact@airductcleaningsyracuse.com,"Air Duct Cleaning in [New York] inurl:/contact"""" """"com"""" -india -91 -gov -.pk -press -news",2025-10-31T09:07:20.633Z
contact@airductcleaningbuffalo.com,"Air Duct Cleaning in [New York] inurl:/contact"""" """"com"""" -india -91 -gov -.pk -press -news",2025-10-31T09:07:20.633Z
cleanairpropertysolutions@gmail.com,"Air Duct Cleaning in [New York] inurl:/contact"""" """"com"""" -india -91 -gov -.pk -press -news",2025-10-31T09:07:20.633Z
info@ptacservice.com,"Air Duct Cleaning in [New York] inurl:/contact"""" """"com"""" -india -91 -gov -.pk -press -news",2025-10-31T09:07:24.893Z
info@coolairnyc.com,"Air Duct Cleaning in [New York] inurl:/contact"""" """"com"""" -india -91 -gov -.pk -press -news",2025-10-31T09:07:24.893Z
advancedairq@aol.com,"Air Duct Cleaning in [New York] inurl:/contact"""" """"com"""" -india -91 -gov -.pk -press -news",2025-10-31T09:07:24.893Z
info@zoneairconditioning.com,"Air Duct Cleaning in [New York] inurl:/contact"""" """"com"""" -india -91 -gov -.pk -press -news",2025-10-31T09:07:24.893Z
info@airconditioninginny.com,"Air Duct Cleaning in [New York] inurl:/contact"""" """"com"""" -india -91 -gov -.pk -press -news",2025-10-31T09:07:24.893Z
info@ductdusters.com,"Air Duct Cleaning in [New York] inurl:/contact"""" """"com"""" -india -91 -gov -.pk -press -news",2025-10-31T09:07:26.506Z
contact@airductcleaningrochester.com,"Air Duct Cleaning in [New York] inurl:/contact"""" """"com"""" -india -91 -gov -.pk -press -news",2025-10-31T09:07:26.506Z
office@hdcourduct.com,"Air Duct Cleaning in [New York] inurl:/contact"""" """"com"""" -india -91 -gov -.pk -press -news",2025-10-31T09:07:26.506Z
hello@mainduct.com,"Air Duct Cleaning in [New York] inurl:/contact"""" """"com"""" -india -91 -gov -.pk -press -news",2025-10-31T09:07:26.506Z
contact@airductcleaningsyracuse.com,"Air Duct Cleaning in [New York] inurl:/contact"""" """"com"""" -india -91 -gov -.pk -press -news",2025-10-31T09:07:26.506Z
contact@airductcleaningbuffalo.com,"Air Duct Cleaning in [New York] inurl:/contact"""" """"com"""" -india -91 -gov -.pk -press -news",2025-10-31T09:07:26.506Z
cleanairpropertysolutions@gmail.com,"Air Duct Cleaning in [New York] inurl:/contact"""" """"com"""" -india -91 -gov -.pk -press -news",2025-10-31T09:07:26.506Z
info@neptuneac.com,"Air Duct Cleaning in [New York] inurl:/contact"""" """"com"""" -india -91 -gov -.pk -press -news",2025-10-31T09:07:28.726Z
hurricanellc15@gmail.com,"Air Duct Cleaning in [New York] inurl:/contact"""" """"com"""" -india -91 -gov -.pk -press -news",2025-10-31T09:07:28.726Z
newenglandductcleaning13@yahoo.com,"Air Duct Cleaning in [New York] inurl:/contact"""" """"com"""" -india -91 -gov -.pk -press -news",2025-10-31T09:07:28.726Z
epicairny@gmail.com,"Air Duct Cleaning in [New York] inurl:/contact"""" """"com"""" -india -91 -gov -.pk -press -news",2025-10-31T09:07:28.726Z
contact@airductcleaningjerseycity.com,"Air Duct Cleaning in [New York] inurl:/contact"""" """"com"""" -india -91 -gov -.pk -press -news",2025-10-31T09:07:28.726Z
service@ventguys.com,"Air Duct Cleaning in [New York] inurl:/contact"""" """"com"""" -india -91 -gov -.pk -press -news",2025-10-31T09:07:28.726Z
service@scrubaduct.com,"Air Duct Cleaning in [New York] inurl:/contact"""" """"com"""" -india -91 -gov -.pk -press -news",2025-10-31T09:07:28.726Z
chrisjones625@theluckyduct.com,"Air Duct Cleaning in [New York] inurl:/contact"""" """"com"""" -india -91 -gov -.pk -press -news",2025-10-31T09:07:29.721Z
info@royalqueensductclean.com,"Air Duct Cleaning in [New York] inurl:/contact"""" """"com"""" -india -91 -gov -.pk -press -news",2025-10-31T09:07:29.721Z
requests@aircareservices.com,"Air Duct Cleaning in [New York] inurl:/contact"""" """"com"""" -india -91 -gov -.pk -press -news",2025-10-31T09:07:29.721Z
njventcleaning@gmail.com,"Air Duct Cleaning in [New York] inurl:/contact"""" """"com"""" -india -91 -gov -.pk -press -news",2025-10-31T09:07:29.721Z
info@airadeducts.com,"Air Duct Cleaning in [New York] inurl:/contact"""" """"com"""" -india -91 -gov -.pk -press -news",2025-10-31T09:07:29.721Z
green.line@mail.com,"Air Duct Cleaning in [New York] inurl:/contact"""" """"com"""" -india -91 -gov -.pk -press -news",2025-10-31T09:07:29.721Z
phil.lamphear@ductdoctor.com,"Air Duct Cleaning in [New York] inurl:/contact"""" """"com"""" -india -91 -gov -.pk -press -news",2025-10-31T09:07:29.721Z
info@mysite.com,"Air Duct Cleaning in [New York] inurl:/contact"""" """"com"""" -india -91 -gov -.pk -press -news",2025-10-31T09:07:29.721Z
info@hitechptacspecialist.com,"Air Duct Cleaning in [New York] inurl:/contact"""" """"com"""" -india -91 -gov -.pk -press -news",2025-10-31T09:07:32.124Z
info@indihvac.com,"Air Duct Cleaning in [New York] inurl:/contact"""" """"com"""" -india -91 -gov -.pk -press -news",2025-10-31T09:07:32.124Z
psrodgers66@gmail.com,"Air Duct Cleaning in [New York] inurl:/contact"""" """"com"""" -india -91 -gov -.pk -press -news",2025-10-31T09:07:32.124Z
homeairduct@gmail.com,"Air Duct Cleaning in [New York] inurl:/contact"""" """"com"""" -india -91 -gov -.pk -press -news",2025-10-31T09:07:32.124Z
info@shibairconditioning.com,"Air Duct Cleaning in [New York] inurl:/contact"""" """"com"""" -india -91 -gov -.pk -press -news",2025-10-31T09:07:32.124Z
spiritairduct@gmail.com,"Air Duct Cleaning in [New York] inurl:/contact"""" """"com"""" -india -91 -gov -.pk -press -news",2025-10-31T09:07:32.124Z
info@gethealthyhome.com,"Air Duct Cleaning in [New York] inurl:/contact"""" """"com"""" -india -91 -gov -.pk -press -news",2025-10-31T09:07:32.124Z
njventcleaning@gmail.com,"Air Duct Cleaning in [New York] inurl:/contact"""" """"com"""" -india -91 -gov -.pk -press -news",2025-10-31T09:07:35.219Z
requests@aircareservices.com,"Air Duct Cleaning in [New York] inurl:/contact"""" """"com"""" -india -91 -gov -.pk -press -news",2025-10-31T09:07:35.219Z
chrisjones625@theluckyduct.com,"Air Duct Cleaning in [New York] inurl:/contact"""" """"com"""" -india -91 -gov -.pk -press -news",2025-10-31T09:07:35.219Z
info@airadeducts.com,"Air Duct Cleaning in [New York] inurl:/contact"""" """"com"""" -india -91 -gov -.pk -press -news",2025-10-31T09:07:35.219Z
green.line@mail.com,"Air Duct Cleaning in [New York] inurl:/contact"""" """"com"""" -india -91 -gov -.pk -press -news",2025-10-31T09:07:35.219Z
info@mysite.com,"Air Duct Cleaning in [New York] inurl:/contact"""" """"com"""" -india -91 -gov -.pk -press -news",2025-10-31T09:07:35.219Z
info@jerrysairductcleaning.com,"Air Duct Cleaning in [New York] inurl:/contact"""" """"com"""" -india -91 -gov -.pk -press -news",2025-10-31T09:07:35.219Z
info@ductcleaneffects.com,"Air Duct Cleaning in [New York] inurl:/contact"""" """"com"""" -india -91 -gov -.pk -press -news",2025-10-31T09:07:36.257Z
contact@ductcleaningstatenisland.com,"Air Duct Cleaning in [New York] inurl:/contact"""" """"com"""" -india -91 -gov -.pk -press -news",2025-10-31T09:07:36.257Z
airductkings.office@gmail.com,"Air Duct Cleaning in [New York] inurl:/contact"""" """"com"""" -india -91 -gov -.pk -press -news",2025-10-31T09:07:36.257Z
merlindcleaning@gmail.com,"Air Duct Cleaning in [New York] inurl:/contact"""" """"com"""" -india -91 -gov -.pk -press -news",2025-10-31T09:07:36.257Z
jgreen@totallycleanservices.com,"Air Duct Cleaning in [New York] inurl:/contact"""" """"com"""" -india -91 -gov -.pk -press -news",2025-10-31T09:07:36.257Z
americaairductcleaning@gmail.com,"Air Duct Cleaning in [New York] inurl:/contact"""" """"com"""" -india -91 -gov -.pk -press -news",2025-10-31T09:07:36.257Z
info@neptuneac.com,"Air Duct Cleaning in [New York] inurl:/contact"""" """"com"""" -india -91 -gov -.pk -press -news",2025-10-31T09:07:36.257Z
cleanair4nm@gmail.com,"Air Duct Cleaning in [New York] inurl:/contact"""" """"com"""" -india -91 -gov -.pk -press -news",2025-10-31T09:07:36.257Z
info@royalqueensductclean.com,"Air Duct Cleaning in [New York] inurl:/contact"""" """"com"""" -india -91 -gov -.pk -press -news",2025-10-31T09:07:36.448Z
chrisjones625@theluckyduct.com,"Air Duct Cleaning in [New York] inurl:/contact"""" """"com"""" -india -91 -gov -.pk -press -news",2025-10-31T09:07:36.449Z
requests@aircareservices.com,"Air Duct Cleaning in [New York] inurl:/contact"""" """"com"""" -india -91 -gov -.pk -press -news",2025-10-31T09:07:36.449Z
njventcleaning@gmail.com,"Air Duct Cleaning in [New York] inurl:/contact"""" """"com"""" -india -91 -gov -.pk -press -news",2025-10-31T09:07:36.449Z
info@airadeducts.com,"Air Duct Cleaning in [New York] inurl:/contact"""" """"com"""" -india -91 -gov -.pk -press -news",2025-10-31T09:07:36.449Z
green.line@mail.com,"Air Duct Cleaning in [New York] inurl:/contact"""" """"com"""" -india -91 -gov -.pk -press -news",2025-10-31T09:07:36.449Z
info@mysite.com,"Air Duct Cleaning in [New York] inurl:/contact"""" """"com"""" -india -91 -gov -.pk -press -news",2025-10-31T09:07:36.449Z
info@qacllc.com,"Air Duct Cleaning in [New York] inurl:/contact"""" """"com"""" -india -91 -gov -.pk -press -news",2025-10-31T09:07:36.449Z
njventcleaning@gmail.com,"Air Duct Cleaning in [New York] inurl:/contact"""" """"com"""" -india -91 -gov -.pk -press -news",2025-10-31T09:07:37.726Z
requests@aircareservices.com,"Air Duct Cleaning in [New York] inurl:/contact"""" """"com"""" -india -91 -gov -.pk -press -news",2025-10-31T09:07:37.726Z
chrisjones625@theluckyduct.com,"Air Duct Cleaning in [New York] inurl:/contact"""" """"com"""" -india -91 -gov -.pk -press -news",2025-10-31T09:07:37.726Z
info@airadeducts.com,"Air Duct Cleaning in [New York] inurl:/contact"""" """"com"""" -india -91 -gov -.pk -press -news",2025-10-31T09:07:37.726Z
green.line@mail.com,"Air Duct Cleaning in [New York] inurl:/contact"""" """"com"""" -india -91 -gov -.pk -press -news",2025-10-31T09:07:37.726Z
info@mysite.com,"Air Duct Cleaning in [New York] inurl:/contact"""" """"com"""" -india -91 -gov -.pk -press -news",2025-10-31T09:07:37.726Z
info@jerrysairductcleaning.com,"Air Duct Cleaning in [New York] inurl:/contact"""" """"com"""" -india -91 -gov -.pk -press -news",2025-10-31T09:07:37.726Z
memphisairduct@gmail.com,"Air Duct Cleaning in [New York] inurl:/contact"""" """"com"""" -india -91 -gov -.pk -press -news",2025-10-31T09:07:39.345Z
info@hitechacrepair.com,"Air Duct Cleaning in [New York] inurl:/contact"""" """"com"""" -india -91 -gov -.pk -press -news",2025-10-31T09:07:39.345Z
huuricanellc15@gmail.com,"Air Duct Cleaning in [New York] inurl:/contact"""" """"com"""" -india -91 -gov -.pk -press -news",2025-10-31T09:07:39.345Z
info@bluestarairconditioningnyc.com,"Air Duct Cleaning in [New York] inurl:/contact"""" """"com"""" -india -91 -gov -.pk -press -news",2025-10-31T09:07:39.345Z
info@jcarehvac.com,"Air Duct Cleaning in [New York] inurl:/contact"""" """"com"""" -india -91 -gov -.pk -press -news",2025-10-31T09:07:39.345Z
commercialairduct@gmail.com,"Air Duct Cleaning in [New York] inurl:/contact"""" """"com"""" -india -91 -gov -.pk -press -news",2025-10-31T09:07:40.050Z
support@heroairductcleaning.com,"Air Duct Cleaning in [New York] inurl:/contact"""" """"com"""" -india -91 -gov -.pk -press -news",2025-10-31T09:07:40.050Z
primecleanair@gmail.com,"Air Duct Cleaning in [New York] inurl:/contact"""" """"com"""" -india -91 -gov -.pk -press -news",2025-10-31T09:07:40.050Z
info@nationalfedders.com,"Air Duct Cleaning in [New York] inurl:/contact"""" """"com"""" -india -91 -gov -.pk -press -news",2025-10-31T09:07:40.050Z
info@aireptacservice.com,"Air Duct Cleaning in [New York] inurl:/contact"""" """"com"""" -india -91 -gov -.pk -press -news",2025-10-31T09:07:40.051Z
info@nextgenairduct.com,"Air Duct Cleaning in [New York] inurl:/contact"""" """"com"""" -india -91 -gov -.pk -press -news",2025-10-31T09:07:40.051Z
airductunique@gmail.com,"Air Duct Cleaning in [New York] inurl:/contact"""" """"com"""" -india -91 -gov -.pk -press -news",2025-10-31T09:07:40.051Z
info@alphasairductcleaning.com,"Air Duct Cleaning in [New York] inurl:/contact"""" """"com"""" -india -91 -gov -.pk -press -news",2025-10-31T09:07:40.051Z
info@jerrysairductcleaning.com,"Air Duct Cleaning in [New York] inurl:/contact"""" """"com"""" -india -91 -gov -.pk -press -news",2025-10-31T09:07:41.379Z
contact@allcityductcleaning.com,"Air Duct Cleaning in [New York] inurl:/contact"""" """"com"""" -india -91 -gov -.pk -press -news",2025-10-31T09:07:41.379Z
info@ductcleaneffects.com,"Air Duct Cleaning in [New York] inurl:/contact"""" """"com"""" -india -91 -gov -.pk -press -news",2025-10-31T09:07:41.379Z
info@coraductcleaning.com,"Air Duct Cleaning in [New York] inurl:/contact"""" """"com"""" -india -91 -gov -.pk -press -news",2025-10-31T09:07:41.379Z
jgreen@totallycleanservices.com,"Air Duct Cleaning in [New York] inurl:/contact"""" """"com"""" -india -91 -gov -.pk -press -news",2025-10-31T09:07:41.379Z
spiritairduct@gmail.com,"Air Duct Cleaning in [New York] inurl:/contact"""" """"com"""" -india -91 -gov -.pk -press -news",2025-10-31T09:07:41.379Z
americaairductcleaning@gmail.com,"Air Duct Cleaning in [New York] inurl:/contact"""" """"com"""" -india -91 -gov -.pk -press -news",2025-10-31T09:07:41.379Z
info@dapperductsny.com,"Air Duct Cleaning in [New York] inurl:/contact"""" """"com"""" -india -91 -gov -.pk -press -news",2025-10-31T09:07:41.379Z
newenglandductcleaning13@yahoo.com,"Air Duct Cleaning in [New York] inurl:/contact"""" """"com"""" -india -91 -gov -.pk -press -news",2025-10-31T09:07:42.688Z
officeone@youremail.com,"Air Duct Cleaning in [New York] inurl:/contact"""" """"com"""" -india -91 -gov -.pk -press -news",2025-10-31T09:07:42.688Z
epicairny@gmail.com,"Air Duct Cleaning in [New York] inurl:/contact"""" """"com"""" -india -91 -gov -.pk -press -news",2025-10-31T09:07:42.688Z
service@ventguys.com,"Air Duct Cleaning in [New York] inurl:/contact"""" """"com"""" -india -91 -gov -.pk -press -news",2025-10-31T09:07:42.688Z
contact@airductcleaningjerseycity.com,"Air Duct Cleaning in [New York] inurl:/contact"""" """"com"""" -india -91 -gov -.pk -press -news",2025-10-31T09:07:42.688Z
service@scrubaduct.com,"Air Duct Cleaning in [New York] inurl:/contact"""" """"com"""" -india -91 -gov -.pk -press -news",2025-10-31T09:07:42.688Z
info@coolairny.com,"Air Duct Cleaning in [New York] inurl:/contact"""" """"com"""" -india -91 -gov -.pk -press -news",2025-10-31T09:07:47.296Z
info@hightechcentralair.com,"Air Duct Cleaning in [New York] inurl:/contact"""" """"com"""" -india -91 -gov -.pk -press -news",2025-10-31T09:07:47.296Z
upstateductcleaning@gmail.com,"Air Duct Cleaning in [New York] inurl:/contact"""" """"com"""" -india -91 -gov -.pk -press -news",2025-10-31T09:07:47.296Z
customercare@iesnyc.com,"Air Duct Cleaning in [New York] inurl:/contact"""" """"com"""" -india -91 -gov -.pk -press -news",2025-10-31T09:07:47.296Z
info@larryheatingcoolingservices.com,"Air Duct Cleaning in [New York] inurl:/contact"""" """"com"""" -india -91 -gov -.pk -press -news",2025-10-31T09:07:47.296Z
phil.americandryervent@gmail.com,"Air Duct Cleaning in [New York] inurl:/contact"""" """"com"""" -india -91 -gov -.pk -press -news",2025-10-31T09:07:47.296Z
contact@allcityductcleaning.com,"Air Duct Cleaning in [New York] inurl:/contact"""" """"com"""" -india -91 -gov -.pk -press -news",2025-10-31T09:07:47.296Z
info@gethealthyhome.com,"Air Duct Cleaning in [New York] inurl:/contact"""" """"com"""" -india -91 -gov -.pk -press -news",2025-10-31T09:07:49.592Z
commercialairduct@gmail.com,"Air Duct Cleaning in [New York] inurl:/contact"""" """"com"""" -india -91 -gov -.pk -press -news",2025-10-31T09:07:49.592Z
support@heroairductcleaning.com,"Air Duct Cleaning in [New York] inurl:/contact"""" """"com"""" -india -91 -gov -.pk -press -news",2025-10-31T09:07:49.592Z
cookcountynorth@thepatchboys.com,"Air Duct Cleaning in [New York] inurl:/contact"""" """"com"""" -india -91 -gov -.pk -press -news",2025-10-31T09:07:49.592Z
primecleanair@gmail.com,"Air Duct Cleaning in [New York] inurl:/contact"""" """"com"""" -india -91 -gov -.pk -press -news",2025-10-31T09:07:49.592Z
3314146@gmail.com,"Air Duct Cleaning in [New York] inurl:/contact"""" """"com"""" -india -91 -gov -.pk -press -news",2025-10-31T09:07:49.592Z
info@nationalfedders.com,"Air Duct Cleaning in [New York] inurl:/contact"""" """"com"""" -india -91 -gov -.pk -press -news",2025-10-31T09:07:49.592Z
contact@airductcleaningalbany.com,"Air Duct Cleaning in [New York] inurl:/contact"""" """"com"""" -india -91 -gov -.pk -press -news",2025-10-31T09:07:52.286Z
americaairductcleaning@gmail.com,"Air Duct Cleaning in [New York] inurl:/contact"""" """"com"""" -india -91 -gov -.pk -press -news",2025-10-31T09:07:52.286Z
info@dapperductsny.com,"Air Duct Cleaning in [New York] inurl:/contact"""" """"com"""" -india -91 -gov -.pk -press -news",2025-10-31T09:07:52.286Z
jgreen@totallycleanservices.com,"Air Duct Cleaning in [New York] inurl:/contact"""" """"com"""" -india -91 -gov -.pk -press -news",2025-10-31T09:07:52.286Z
airductkings.office@gmail.com,"Air Duct Cleaning in [New York] inurl:/contact"""" """"com"""" -india -91 -gov -.pk -press -news",2025-10-31T09:07:52.286Z
info@jerrysairductcleaning.com,"Air Duct Cleaning in [New York] inurl:/contact"""" """"com"""" -india -91 -gov -.pk -press -news",2025-10-31T09:07:52.429Z
contact@airductcleaningalbany.com,"Air Duct Cleaning in [New York] inurl:/contact"""" """"com"""" -india -91 -gov -.pk -press -news",2025-10-31T09:07:52.429Z
americaairductcleaning@gmail.com,"Air Duct Cleaning in [New York] inurl:/contact"""" """"com"""" -india -91 -gov -.pk -press -news",2025-10-31T09:07:52.429Z
info@dapperductsny.com,"Air Duct Cleaning in [New York] inurl:/contact"""" """"com"""" -india -91 -gov -.pk -press -news",2025-10-31T09:07:52.429Z
jgreen@totallycleanservices.com,"Air Duct Cleaning in [New York] inurl:/contact"""" """"com"""" -india -91 -gov -.pk -press -news",2025-10-31T09:07:52.429Z
airductkings.office@gmail.com,"Air Duct Cleaning in [New York] inurl:/contact"""" """"com"""" -india -91 -gov -.pk -press -news",2025-10-31T09:07:52.429Z
contact@airductcleaningalbany.com,"Air Duct Cleaning in [New York] inurl:/contact"""" """"com"""" -india -91 -gov -.pk -press -news",2025-10-31T09:07:52.734Z
americaairductcleaning@gmail.com,"Air Duct Cleaning in [New York] inurl:/contact"""" """"com"""" -india -91 -gov -.pk -press -news",2025-10-31T09:07:52.734Z
info@dapperductsny.com,"Air Duct Cleaning in [New York] inurl:/contact"""" """"com"""" -india -91 -gov -.pk -press -news",2025-10-31T09:07:52.734Z
jgreen@totallycleanservices.com,"Air Duct Cleaning in [New York] inurl:/contact"""" """"com"""" -india -91 -gov -.pk -press -news",2025-10-31T09:07:52.734Z
airductkings.office@gmail.com,"Air Duct Cleaning in [New York] inurl:/contact"""" """"com"""" -india -91 -gov -.pk -press -news",2025-10-31T09:07:52.734Z
thecleanairco@gmail.com,"Air Duct Cleaning in [New York] inurl:/contact"""" """"com"""" -india -91 -gov -.pk -press -news",2025-10-31T09:07:54.170Z
info@manhattanptacservice.com,"Air Duct Cleaning in [New York] inurl:/contact"""" """"com"""" -india -91 -gov -.pk -press -news",2025-10-31T09:07:54.170Z
freshair21@outlook.com,"Air Duct Cleaning in [New York] inurl:/contact"""" """"com"""" -india -91 -gov -.pk -press -news",2025-10-31T09:07:54.170Z
skasper50@cox.net,"Air Duct Cleaning in [New York] inurl:/contact"""" """"com"""" -india -91 -gov -.pk -press -news",2025-10-31T09:07:54.170Z
info@ericanhvac.com,"Air Duct Cleaning in [New York] inurl:/contact"""" """"com"""" -india -91 -gov -.pk -press -news",2025-10-31T09:07:54.170Z
admin@airductcleaninginpa.com,"Air Duct Cleaning in [New York] inurl:/contact"""" """"com"""" -india -91 -gov -.pk -press -news",2025-10-31T09:07:54.170Z
support@dependableductcleaning.comcall,"Air Duct Cleaning in [New York] inurl:/contact"""" """"com"""" -india -91 -gov -.pk -press -news",2025-10-31T09:07:54.170Z
contact@airductcleaningstamford.com,"Air Duct Cleaning in [New York] inurl:/contact"""" """"com"""" -india -91 -gov -.pk -press -news",2025-10-31T09:07:54.170Z
cs@air-care.com,"Air Duct Cleaning in [New York] inurl:/contact"""" """"com"""" -india -91 -gov -.pk -press -news",2025-10-31T09:07:55.689Z
contact@purifyairmaster.com,"Air Duct Cleaning in [New York] inurl:/contact"""" """"com"""" -india -91 -gov -.pk -press -news",2025-10-31T09:07:55.689Z
lauriek@indoorairpro.com,"Air Duct Cleaning in [New York] inurl:/contact"""" """"com"""" -india -91 -gov -.pk -press -news",2025-10-31T09:07:55.689Z
info@weatherupdownhvac.com,"Air Duct Cleaning in [New York] inurl:/contact"""" """"com"""" -india -91 -gov -.pk -press -news",2025-10-31T09:07:55.689Z
info@hightechhvacservices.com,"Air Duct Cleaning in [New York] inurl:/contact"""" """"com"""" -india -91 -gov -.pk -press -news",2025-10-31T09:07:55.689Z
merlindcleaning@gmail.com,"Air Duct Cleaning in [New York] inurl:/contact"""" """"com"""" -india -91 -gov -.pk -press -news",2025-10-31T09:07:55.771Z
info@airductva.com,"Air Duct Cleaning in [New York] inurl:/contact"""" """"com"""" -india -91 -gov -.pk -press -news",2025-10-31T09:07:55.771Z
cleanair4nm@gmail.com,"Air Duct Cleaning in [New York] inurl:/contact"""" """"com"""" -india -91 -gov -.pk -press -news",2025-10-31T09:07:55.771Z
info@aircrewnyc.com,"Air Duct Cleaning in [New York] inurl:/contact"""" """"com"""" -india -91 -gov -.pk -press -news",2025-10-31T09:07:56.543Z
safeairductchimney@gmail.com,"Air Duct Cleaning in [New York] inurl:/contact"""" """"com"""" -india -91 -gov -.pk -press -news",2025-10-31T09:07:56.543Z
info@nextgenairduct.com,"Air Duct Cleaning in [New York] inurl:/contact"""" """"com"""" -india -91 -gov -.pk -press -news",2025-10-31T09:07:56.543Z
airductunique@gmail.com,"Air Duct Cleaning in [New York] inurl:/contact"""" """"com"""" -india -91 -gov -.pk -press -news",2025-10-31T09:07:56.543Z
info@alphasairductcleaning.com,"Air Duct Cleaning in [New York] inurl:/contact"""" """"com"""" -india -91 -gov -.pk -press -news",2025-10-31T09:07:56.543Z
cs@air-care.com,"Air Duct Cleaning in [New York] inurl:/contact"""" """"com"""" -india -91 -gov -.pk -press -news",2025-10-31T09:07:56.543Z
contact@purifyairmaster.com,"Air Duct Cleaning in [New York] inurl:/contact"""" """"com"""" -india -91 -gov -.pk -press -news",2025-10-31T09:07:56.543Z
info@weatherupdownhvac.com,"Air Duct Cleaning in [New York] inurl:/contact"""" """"com"""" -india -91 -gov -.pk -press -news",2025-10-31T09:07:56.543Z
info@actionduct.com,"Air Duct Cleaning in [New York] inurl:/contact"""" """"com"""" -india -91 -gov -.pk -press -news",2025-10-31T09:08:00.605Z
info@ptacrepairqueens.com,"Air Duct Cleaning in [New York] inurl:/contact"""" """"com"""" -india -91 -gov -.pk -press -news",2025-10-31T09:08:00.605Z
qualityairductcleaninghouston@gmail.com,"Air Duct Cleaning in [New York] inurl:/contact"""" """"com"""" -india -91 -gov -.pk -press -news",2025-10-31T09:08:00.605Z
info@dirtyductsdoctors.com,"Air Duct Cleaning in [New York] inurl:/contact"""" """"com"""" -india -91 -gov -.pk -press -news",2025-10-31T09:08:00.605Z
yourductguy@gmail.com,"Air Duct Cleaning in [New York] inurl:/contact"""" """"com"""" -india -91 -gov -.pk -press -news",2025-10-31T09:08:00.605Z
lauriek@indoorairpro.com,"Air Duct Cleaning in [New York] inurl:/contact"""" """"com"""" -india -91 -gov -.pk -press -news",2025-10-31T09:08:03.301Z
info@ideahvac.com,"Air Duct Cleaning in [New York] inurl:/contact"""" """"com"""" -india -91 -gov -.pk -press -news",2025-10-31T09:08:03.301Z
info@hightechhvacservices.com,"Air Duct Cleaning in [New York] inurl:/contact"""" """"com"""" -india -91 -gov -.pk -press -news",2025-10-31T09:08:03.301Z
info@ptacrepairqueens.com,"Air Duct Cleaning in [New York] inurl:/contact"""" """"com"""" -india -91 -gov -.pk -press -news",2025-10-31T09:08:03.301Z
info@tophvaccompanyinnyc.com,"Air Duct Cleaning in [New York] inurl:/contact"""" """"com"""" -india -91 -gov -.pk -press -news",2025-10-31T09:08:11.347Z
info@groovelifeairconditioning.com,"Air Duct Cleaning in [New York] inurl:/contact"""" """"com"""" -india -91 -gov -.pk -press -news",2025-10-31T09:08:11.347Z
info@indihvac.com,"Air Duct Cleaning in [New York] inurl:/contact"""" """"com"""" -india -91 -gov -.pk -press -news",2025-10-31T09:08:11.347Z
info@devhvac.com,"Air Duct Cleaning in [New York] inurl:/contact"""" """"com"""" -india -91 -gov -.pk -press -news",2025-10-31T09:08:11.347Z
info@heatingservicenewyork.com,"Air Duct Cleaning in [New York] inurl:/contact"""" """"com"""" -india -91 -gov -.pk -press -news",2025-10-31T09:08:11.347Z
jerry@vortexairductcleaningtn.com,"Air Duct Cleaning in [New York] inurl:/contact"""" """"com"""" -india -91 -gov -.pk -press -news",2025-10-31T09:08:11.347Z
jerrycm1@bellsouth.net,"Air Duct Cleaning in [New York] inurl:/contact"""" """"com"""" -india -91 -gov -.pk -press -news",2025-10-31T09:08:11.347Z
info@hitechptac.com,"Air Duct Cleaning in [New York] inurl:/contact"""" """"com"""" -india -91 -gov -.pk -press -news",2025-10-31T09:08:11.347Z
info@airconditionerlongislandcity.com,"Air Duct Cleaning in [New York] inurl:/contact"""" """"com"""" -india -91 -gov -.pk -press -news",2025-10-31T09:08:11.347Z
info@newyorkptacsales.com,"Air Duct Cleaning in [New York] inurl:/contact"""" """"com"""" -india -91 -gov -.pk -press -news",2025-10-31T09:08:19.021Z
info@airconditioningservicenewyorkcity.com,"Air Duct Cleaning in [New York] inurl:/contact"""" """"com"""" -india -91 -gov -.pk -press -news",2025-10-31T09:08:19.021Z
info@larryheatingcoolingservices.com,"Air Duct Cleaning in [New York] inurl:/contact"""" """"com"""" -india -91 -gov -.pk -press -news",2025-10-31T09:08:19.021Z
info@hitechheatingcooling.com,"Air Duct Cleaning in [New York] inurl:/contact"""" """"com"""" -india -91 -gov -.pk -press -news",2025-10-31T09:08:19.021Z
hello@ventmantic.com,"Air Duct Cleaning in [New York] inurl:/contact"""" """"com"""" -india -91 -gov -.pk -press -news",2025-10-31T09:08:19.021Z
info@coraductcleaning.com,"Air Duct Cleaning in [New York] inurl:/contact"""" """"com"""" -india -91 -gov -.pk -press -news",2025-10-31T09:08:19.021Z
services@hitechcentralair.com,"Air Duct Cleaning in [New York] inurl:/contact"""" """"com"""" -india -91 -gov -.pk -press -news",2025-10-31T09:08:19.021Z
ac@ptac.nyc,"Air Duct Cleaning in [New York] inurl:/contact"""" """"com"""" -india -91 -gov -.pk -press -news",2025-10-31T09:08:19.021Z
info@newyorkptacsupply.com,"Air Duct Cleaning in [New York] inurl:/contact"""" """"com"""" -india -91 -gov -.pk -press -news",2025-10-31T09:08:19.021Z
